"term","Term loan avg","Term int avg"
" 36 months",29394.5233866193,13.944037892244
" 60 months",29204.6615384615,18.0361538461542